{"omega": {"vertices": [[3.2972314050563405, 0.8893861461912637, 7.510337290662939], [3.0778657081036265, 7.639957036106745, 5.422382236730549], [2.1166148610039337, 5.6595068652285425, 6.151350520702385], [7.767093576577068, 7.116236254837109, 4.958750480864155], [6.026410479206036, 1.7847454157589975, 4.671654635455253], [8.862541125011074, 9.253322588783286, 9.223648669719134], [8.812069249447527, 5.2569649611069975, 5.858455324465017]], "constraints": [[-0.6163170253568524, -0.35308051915847793, -0.7039087094546144, 7.632756603546502], [-0.5668042142500381, 0.5125289470063343, 0.6450171014701666, -5.668681154039869], [-0.4685475188917809, 0.1328586567308944, 0.873390977668088, -5.132713883556033], [-0.4457807647824094, -0.11059294951348388, -0.8882841376878898, 7.033594841403652], [-0.08892912208938344, 0.08248603024623895, -0.9926165755510171, 5.025868655322549], [0.05376417689850169, 0.887145725024271, -0.45834689466995104, -4.457902080432564], [0.5139021914942212, -0.12206001381689464, -0.8491206572710713, 1.087658952600672], [0.5959755322067988, -0.5216190056989947, 0.6105135362171875, -6.0863111016851175], [0.6387489432964164, -0.6520543591613996, 0.4084420401187025, -4.593712447159664], [0.873052668846099, 0.30758997682729516, -0.37837473961152296, -7.093698798935416]]}, "solution": {"min": {"arg": [3.349841985154769, 3.3904150269824083, 6.801815509978932], "value": -0.3794229094521313, "pred": -2.977597907051214}}, "policies": {"policy0": {"pos": [2.8409077382965657, 5.066496111666293, 6.239071039630658], "value": 1.5820895691608143, "pred": -2.977597907051214}, "policy1": {"pos": [8.09110483264974, 7.734492623132045, 7.219077448277785], "value": 0.029561852743821504, "pred": 1.3286189610094714}, "policy2": {"pos": [7.068907179190807, 7.777745685920517, 6.987685214946185], "value": 2.0457054269259665, "pred": 2.5405557963568244}}, "model": {"name": "DecisionTreeRegressor", "criterion": "mse", "splitter": "best", "max_depth": 3, "min_samples_split": 2, "min_samples_leaf": 0.06, "min_weight_fraction_leaf": 0.0, "max_features": 1.0, "max_leaf_nodes": null, "random_state": 1, "min_impurity_decrease": 0.0, "min_impurity_split": null, "class_weight": null, "ccp_alpha": 0.0}, "objective_id": "0c54jvu1", "data_id": "t2hhl3kc", "solution_id": "u82ikvwr", "generated_file_name": "solution_0c54jvu1_t2hhl3kc_u82ikvwr.json"}